" The customer doesn't exist in the system anymore"," 该客户已不存在"
" and "," 以及 "
"%s cache type(s) disabled.","%s 项缓存已禁用."
"%s cache type(s) enabled.","%s 项缓存已启用."
"%s cache type(s) refreshed.","%s 项缓存已刷新."
"%s index was rebuilt successfully.","%s 索引重建成功"
"(Absolute path or Relative to Magento install root, ex. var/export)","(绝对路径或者相对于安装根目录，例如 var/export)"
"(For US 2-letter state names)","(2个字母的省份名(适用于美国))"
"(If left empty will be auto-generated)","(如果留空将自动生成)"
"(Leave empty for first spreadsheet)","(留空为第一个电子表)"
"(Products will be added/updated to this store if 'store' column is blank or missing in the import file.)","(如果导入文件中'商店'栏目为空或者缺少，商品将被增加/更新到该商店。)"
"(Shift-)Click or drag to change value","(Shift-)单击或者拖动以变更取值"
"(Starting with)","(开头)"
"(When 'No', only mapped fields will be imported. When mapping, use 'column1', 'column2', etc.)","(为'否'时，仅导入映射字段。当映射时，用'column1'、'column2'等。)"
"(You have to increase php memory_limit before changing this value)","（编辑该值之前您必须先增加 php 的 memory_limit 设置值）"
"(\t for tab)","(t 为制表符)"
"* - If indexing is in progress, it will be killed and new indexing process will start","* - 将终止已有的索引进程并启动新的索引进程。"
"- Click on any of the time parts to increase it","- 点击时间任意部分可以使其递增"
"- Hold mouse button on any of the above buttons for faster selection.","- 在上述按钮上长按鼠标以快速选择"
"- Use the %s buttons to select month","- 使用 %s 按钮选择月份"
"- Use the %s, %s buttons to select year","- 使用 %s, %s 按钮选择年份"
"- or Shift-click to decrease it","- 或者按住 Shift 并点击使其递减"
"- or click and drag for faster selection.","- 或者点击并拖动以快速选择。"
"-- Please Select --","-- 请选择 --"
"-- Please select --","-- 请选择 --"
"-- Please select a category --","-- 请选择分类 --"
"--Please Select--","--请选择--"
"1 Hour","1 小时"
"12 Hours","12 小时"
"12h AM/PM","12h AM/PM"
"2 Hours","2 小时"
"24 Hours","24 小时"
"24h","24h"
"2YTD","去年开始"
"6 Hours","6 小时"
"<h1 class=""page-heading"">404 Error</h1><p>Page not found.</p>","<h1 class=""page-heading"">404 错误</h1><p>没找到页面。</p>"
"<h1 class=""page-heading"">Access denied</h1><p>Access denied.</p>","<h1 class=""page-heading"">访问被拒绝</h1><p>访问被拒绝。</p>"
"A new password was sent to your email address. Please check your email and click Back to Login.","一个新的密码已经发送到您的电子邮件。请查收您的电子邮件然后回到登陆页面"
"API Stability","API 稳定性"
"API Version","API 版本"
"API:","API:"
"About the calendar","关于本日历"
"Access Denied.","访问被拒绝。"
"Access Deny","拒绝访问"
"Account Created in:","帐号创建于："
"Account Created on (%s):","帐号创建于 (%s):"
"Account Created on:","帐号创建日期："
"Account Information","帐号信息"
"Account status","帐号状态"
"Account successfully saved","成功保存帐号"
"Action","操作"
"Actions XML","操作 XML"
"Actions","操作"
"Active","激活"
"Add Contents Path","添加内容路径"
"Add Exception","添加例外"
"Add Field Mapping","添加字段映射"
"Add Field with URL:","增加网址栏："
"Add Maintainer","添加维护人员"
"Add New Image","增加新的图像"
"Add New Profile","增加新的概要档案"
"Add New Role","增加新的角色"
"Add New Template","增加新的模板"
"Add New Urlrewrite","增加新的网址重写"
"Add New User","增加新用户"
"Add New osCommerce Profile","增加新的osCommerce概要档案"
"Add PHP Extension dependency","添加 PHP扩展依赖"
"Add Package dependency","添加安装包依赖"
"Add Subpackage dependency","添加子安装包依赖"
"Add URL Rewrite","添加网址重写"
"Add URL Rewrite for a Category","添加分类网址重写"
"Add URL Rewrite for a Product","添加商品网址重写"
"Add Urlrewrite for a Category","添加分类网址重写"
"Add Urlrewrite for a Product","添加商品网址重写"
"Add Urlrewrite","添加网址重写"
"Add after","在此后添加"
"Add new Role","增加新的角色"
"Add new store view map","添加新的商店视图地图"
"Add new website map","添加新的网站地图"
"Add","增加"
"Additional Cache Management","附加缓存管理"
"Address Type:","地址类型："
"Admin","管理员"
"Advanced Admin Section","高级管理员单元"
"Advanced Profiles","高级概要档案"
"Advanced Section","高级单元"
"Aggregate Order","累计订单"
"All Allowed Countries","所有允许国家"
"All Cache","所有缓存"
"All Files","所有文件"
"All Store Views","所有商店视图"
"All Tags","所有标签"
"All Websites","所有网站"
"All countries","所有国家"
"All fields","所有栏目"
"All possible rates were fetched, click on ""Save"" to apply","已获取所有可能的汇率，点击""保存""接受"
"All rates were fetched, click on ""Save"" to apply","已获取所有汇率，点击""保存""接受"
"All valid rates successfully saved","成功保存所有有效的汇率"
"All","所有"
"Amounts","金额"
"Any Attribute Set","任意属性集"
"Any Group","任意分组"
"Any Status","任意状态"
"Any Store","任意商店"
"Any Type","任意类型"
"Any Visibility","任意可见性"
"Any","任意"
"Api Key Confirmation","Api 密钥确认"
"Api Key","Api 密钥"
"Archive file name:","存档文件名："
"Are you sure that you want to delete this template?","您确认要删除该模板吗？"
"Are you sure that you want to strip tags?","您确认要删除标签吗？"
"Are you sure you want to do this?","您确认要这么做吗？"
"Are you sure you wish to INSTALL all selected packages?","您确认要安装所有选择的包吗？"
"Are you sure you wish to UNINSTALL all selected packages?","您确认要卸载所有选择的包吗？"
"Are you sure you wish to UPGRADE all selected packages?","您确认要升级所有选择的包吗？"
"Area","区域"
"Assigned","指定"
"Associated Tags","关联标志"
"Attribute Set Name:","属性集名称："
"Attribute set successfully saved.","成功保存属性集。"
"Attribute set was successfully removed.","成功删除属性集。"
"Attributes","属性"
"Available Products","可用商品"
"Available Version","可用版本"
"Average Order Amount","平均订单金额"
"Average Orders","平均订单金额"
"Back to Login","返回登录"
"Back to local packages","返回本地包"
"Back","返回"
"Backup record was deleted","备份记录已删除"
"Backup successfully created","成功备份"
"Backup","备份"
"Backups","备份"
"Base currency","基准货币"
"Bcc","暗送"
"Bestsellers","畅销商品"
"Big Image","大图片"
"Billing Address","账单地址"
"Billing address","账单地址"
"Block Information","方框信息"
"Both (without and with tax)","同时 (无论是否含税)"
"Browse Available Extensions","浏览可用插件"
"Browse Available Remote Extensions","浏览可用的远程插件"
"Browse Files...","浏览文件..."
"Bundle Items","包裹物品"
"Bundle with dynamic pricing cannot include custom defined options. Options will not be saved.","具有动态价格的包裹不能含有自定选项。选项设置不会被保存。"
"CRITICAL","重要"
"CSV / Tab separated","CSV/Tab 分割"
"CSV","CSV"
"Cache Control (beta)","缓存管理 (beta)"
"Cache Control","缓存管理"
"Cache Management","缓存管理"
"Cache Storage Management","高速缓存管理"
"Cache Type","缓存类型"
"Can not add new comment.","无法添加新评论"
"Can not add tracking number.","无法添加新运单号"
"Can not delete tracking number.","无法删除运单号"
"Can not do credit memo for order","无法为此订单创建贷项凭证"
"Can not do invoice for order","无法为此订单做单据"
"Can not do shipment for order.","无法为此订单做运输"
"Can not initialize shipment for adding tracking number.","无法为增加订单号生成运输"
"Can not initialize shipment for delete tracking number.","无法为删除订单号生成运输"
"Can not load track with retrieving identifier.","无法使用获得的标志符加载跟踪记录"
"Can not retrieve tracking number detail.","无法获取订单号详细资料"
"Can not save credit memo","无法保存贷项凭证"
"Can not save invoice","无法保存单据"
"Can not save shipment.","无法保存运输"
"Can not send shipment information.","无法发送运输资料"
"Can not update item qty","无法更新物品数量"
"Can't delete design change","无法删除设计编辑"
"Can't find email address.","没有找到邮件地址。"
"Can\'t initialize indexer process.","无法初始化索引进程."
"Cancel","取消"
"Card Verification Number","信用卡校验码"
"Catalog Rewrites was refreshed successfully","成功刷新目录重写记录"
"Catalog Rewrites were refreshed successfully","成功刷新目录重写记录"
"Catalog Rewrites","目录重写"
"Catalog Search Index","目录搜索索引"
"Catalog Url Rewrites","目录Url重写"
"Catalog","目录"
"CatalogInventory Stock Status rebuild error. Please try again later","CatalogInventory Stock Status rebuild error. Please try again later"
"CatalogInventory Stock Status was rebuilt successfully","CatalogInventory Stock Status was rebuilt successfully"
"Category Flat Data","目录平面数据"
"Category","分类"
"Category:","分类："
"Changelog","编辑日志"
"Channel","频道"
"Channel:","频道："
"Checkbox","复选框"
"Choose Store View","查看商店视图"
"Choose an attribute","选择属性"
"Clear","清除"
"Click here to go to <a href=""%s"">Cache Management</a> and refresh cache types.","到<a href=""%s"">缓存管理</a>刷新缓存类型."
"Click here to go to <a href=""%s"">Index Management</a> and rebuild required indexes.","前往<a href=""%s"">索引管理</a>重建索引."
"Close","关闭"
"Comment text field can not be empty.","评论框不能为空白"
"Comments History","评论记录"
"Complete","完成"
"Configuration successfully saved","成功保存设置"
"Configuration","设置"
"Confirmed email:","已验证的邮件："
"Conflicts","冲突"
"Connect with the Magento Community","连接社区"
"Contents","内容"
"Convert to Plain Text","转换为文字"
"Cookie (Unsafe)","Cookie (不安全)"
"Country","国家"
"Country:","国家："
"Coupon Code","优惠券代码"
"Coupons","优惠价"
"Create DB Backup","创建数据库备份"
"Create Extension Package","创建插件包"
"Create New Attribute","创建新的属性"
"Create New Staging Store View","创建新的演练商店视图"
"Create Urlrewrite:","创建网址重写"
"Create a backup","创建备份"
"Create","创建"
"Created <strong>%s</strong> items","已创建 <strong>%s</strong> 条"
"Created At","创建于"
"Credit Card Number","信用卡号"
"Credit Card Number: xxxx-%s","信用卡号：xxxx-%s"
"Credit Card Type","信用卡类型"
"Credit Card Type: %s","信用卡类型：%s"
"Credit Memo #%s comment added","贷项凭证 #%s 备注已添加"
"Credit Memo #%s created","贷项凭证 #%s 已创建"
"Credit Memo History","贷项凭证历史"
"Credit Memo Totals","贷项凭证总计"
"Credit Memo cancel error.","贷项凭证取消有误"
"Credit Memo total must be positive.","贷项凭证总额必须为正数"
"Credit Memo void error","将贷项凭证作废有误"
"Credit Memo was successfully canceled.","成功取消贷项凭证"
"Credit Memo was successfully created","成功创建贷项凭证"
"Credit Memo was successfully voided","成功将贷项凭证作废"
"Credit Memo...","贷项凭证"
"Currency Information","货币信息"
"Currency Setup Section","货币设置单元"
"Currency","货币"
"Current Configuration Scope:","当前设置范围："
"Current Release Information","当前版本信息"
"Custom Variables","定制变量"
"Custom","定制"
"Customer Group:","客户分组："
"Customer Name","客户姓名"
"Customer Since:","注册日期："
"Customer was deleted","客户已删除"
"Customer was successfully saved","成功保存客户"
"Customer with the same email already exists.","已有相同邮件地址的客户。"
"Customer","客户"
"Customers","客户"
"DHTML Date/Time Selector","动态 HTML 日期/时间选择器"
"Dashboard","控制台"
"Data Format","数据格式"
"Data transfer:","数据传送："
"Date & Time","Date & Time"
"Date Added","增加日期"
"Date Updated","更新日期"
"Date selection:","日期选择："
"Date selector","选择日期"
"Date","Date"
"Date:","日期："
"Day","Day"
"Decimal separator:","小数分割符"
"Default (Admin) Values","缺省(管理)值"
"Default Config","缺省设置"
"Default Template from Locale","界面的缺省模版"
"Default Values","缺省值"
"Default display currency ""%s"" is not available in allowed currencies","默认显示货币 ""%s"" 不在允许货币列表中"
"Default scope","缺省范围"
"Delete %s '%s'","删除 %s '%s'"
"Delete %s","删除 %s"
"Delete Profile","删除概要档案"
"Delete Role","删除角色"
"Delete Store View","删除商店视图"
"Delete Template","删除模板"
"Delete User","删除用户"
"Delete Website","删除网站"
"Delete","删除"
"Dependencies","依赖关系"
"Description","简介"
"Description:","简介："
"Design Section","设计单元"
"Design change deleted","设计编辑已删除"
"Design change saved","设计编辑已保存"
"Design","设计"
"Developer Section","程序员单元"
"Direction:","方向："
"Disable","禁用"
"Disabled","禁用"
"Discount Amount","优惠金额"
"Display %s first","将 %s 显示在第一列"
"Display default currency","显示缺省货币"
"Display Settings","显示设置"
"Distributed under GNU LGPL. See %s for details.","使用 GNU LGPL 分发，详情请访问 %s ."
"Do you really want to KILL parallel process and start new indexing process?","您真的要终止并发进程并启动新的索引进程吗？"
"Done By:","完成于："
"Done by:","完成于："
"Download Remote File","下载远程文件"
"Download and Install","下载并安装"
"Downloading and installing $pkg, please wait...","正在下载和安装$pkg，请稍候..."
"Drag to move","窗口可拖动"
"Drop-down","下拉"
"Edit Email Template","编辑邮件模板"
"Edit Poll","编辑投票"
"Edit Role","编辑角色"
"Edit Store View","编辑商店视图"
"Edit System Template","编辑系统模板"
"Edit Tag","编辑标签"
"Edit Template","编辑模板"
"Edit Urlrewrite","编辑网址重写"
"Edit URL Rewrite","编辑网址重写"
"Edit User '%s'","编辑用户'%s'"
"Edit User","编辑用户"
"Edit Website","编辑网址"
"Edit","编辑"
"Email Address:","电子邮件："
"Email Preview","预览电子邮件"
"Email address is empty.","电子邮件地址为空。"
"Email to a Friend","发邮件给朋友"
"Email","电子邮件"
"Email:","电子邮件："
"Enable","启用"
"Enabled","启用"
"Enclose Values In:","包括值："
"Entity Type","实体类型"
"Entity type:","实体类型："
"Error uploading the file","上传文件错误"
"Error while cleared Image cache. Please try again later","生成图像缓存出错，请稍后再试。"
"Error while create backup. Please try again later","生成备份出错，请稍后再试。"
"Error while deleting this role. Please try again later.","删除角色错误，请稍后再试。"
"Error while deleting this set.","删除出错。"
"Error while finished process. Please refresh cache","完成处理出错，请刷新缓存。"
"Error while refreshed Catalog Rewrites. Please try again later","刷新目录重写出错，请稍后再试。"
"Error while refreshed Layered Navigation Indices. Please try again later","刷新层次导航索引出错，请稍后再试。"
"Error while saving account. Please check all required fields","Error while saving account. Please check all required fields"
"Error while saving account. Please try again later","保存帐户出错，请稍后再试"
"Error while saving this configuration: ","保存设置出错："
"Error while saving this role. Please try again later.","保存角色出错，请稍后再试."
"Error while updating selected review(s). Please try again later.","更新选择的评论出错，请稍后再试."
"Excl. Tax","不含税"
"Exclude (comma separated)","不含(逗号分开)"
"Exclude","不含"
"Expiration Date","有效期"
"Expiration Date: %s/%s","有效期：%s/%s"
"Export CSV","导出 CSV"
"Export Filters","导出条件"
"Export to:","导出到："
"Export","导出"
"Export:","导出："
"Extension Name","扩展名"
"Extension","扩展名"
"Extensions","扩展名"
"FTP Host[:Port]","FTP 主机[:端口]"
"Failed to add a product to cart by id ""%s""","按序号 ""%s"" 添加商品到购物车失败"
"Failed to load %1$s.xml or %1$s.ser","加载 %1$s.xml 或 %1$s.ser 失败"
"Field Mapping","字段映射"
"Field","字段"
"File Information","文件信息"
"File name:","文件名："
"File size should be more than 0 bytes","文件要大于0字节"
"File","文件"
"Final Price","最终价格"
"Finished items creation.","Finished items creation."
"Finished profile execution.","完成运行概要档案。"
"First Name","名字"
"First Name:","名字："
"Firstname","名字"
"Fixed","固定"
"Flat Catalog Category rebuild error","Flat Catalog Category rebuild error"
"Flat Catalog Category was rebuilt successfully","Flat Catalog Category was rebuilt successfully"
"Flat Catalog Product rebuild error. Please try again later","Flat Catalog Product rebuild error. Please try again later"
"Flat Catalog Product was rebuilt successfully","Flat Catalog Product was rebuilt successfully"
"Flush Cache Storage","清空缓存存储区"
"Flush Catalog Images Cache","清空目录图片缓存"
"Flush JavaScript/CSS Cache","清空JavaScript/CSS缓存"
"Flush Magento Cache","清空系统缓存"
"For category","用于分类"
"For latest version visit: %s","要了解最新版本信息，请访问: %s"
"For product","用于商品"
"Forgot your password?","忘记您的密码了？"
"Forgot your user name or password?","忘记您的用户名或密码了？"
"From","从"
"Gb","Gb"
"General Information","基本信息"
"General Section","基本单元"
"Get Image Base64","获取图片 Base64"
"Get help for this page","查看本页面的帮助"
"Global Attribute","全局属性"
"Global Record Search","全站搜索"
"Global Search","全站搜索"
"Go Today","转至当前日期"
"Google Base Items","Google Base 记录"
"Google Base","Google Base"
"Grand Total","金额"
"Grid (default) / List","网格(缺省)/列表"
"Grid only","仅网格"
"Group:","分组："
"Guest","访客"
"HTTP (unsecure)","HTTP (不安全)"
"HTTPS (SSL)","HTTPS (SSL)"
"Help Us Keep Magento Healthy - Report All Bugs",""
"Home","首页"
"ID Path","编号路径"
"ID","编号"
"IP Address","IP 地址"
"Ignore","忽略"
"Image cache was cleared successfully","成功清除图片缓存"
"Images (.gif, .jpg, .png)","图片 (.gif, .jpg, .png)"
"Images Cache","图片缓存"
"Images","图片"
"Import Service","导入服务"
"Import","导入"
"Import/Export Advanced","高级导入/导出"
"Import/Export Profile","导入/导出概要档案"
"Import/Export","导入/导出"
"Imported <strong>%s</strong> records","导入<strong>%s</strong>个记录"
"In Database:","在数据库："
"In File:","在文件："
"In","货币"
"Inactive","禁用"
"Incl. Tax","含税"
"Include","含"
"Include in Navigation Menu","包含在导航菜单中"
"Incoming Message","收到的消息"
"Index Description","索引描述"
"Index Management","索引管理"
"Index Mode","索引方式"
"Index Name","索引名称"
"Index Process Information","索引进程信息"
"Index was saved successfully.","索引保存成功"
"Index","索引"
"Individual Item","单件商品"
"Install Package File","安装打包文件"
"Install","安装"
"Installed As","安装为"
"Installed Extension Info","已安装插件的信息"
"Installed Version","已安装版本"
"Installing $pkg, please wait...","正在安装$pkg，请稍候..."
"Installing selected packages, please wait...","正在安装所选包，请稍候..."
"Instant Payment Notification (IPN)","及时付款通知 (IPN)"
"Interactive","交互式"
"Interface Locale: %s","界面语言：%s"
"Invalid Form Key. Please refresh the page.","Invalid Form Key. Please refresh the page."
"Invalid Import Service Specified","指定的导入服务不正确"
"Invalid POST data (please check post_max_size and upload_max_filesize settings in you php.ini file)","POST 数据不正确（请检查 php.ini 中 post_max_size 和 upload_max_filesize 设置）"
"Invalid Secret Key. Please refresh the page.","Invalid Secret Key. Please refresh the page."
"Invalid URL","网址不正确"
"Invalid Username or Password.","用户名或密码不正确。"
"Invalid directory: %s","目录不正确：%s"
"Invalid file: %s","文件不正确：%s"
"Invalid input data for %s => %s rate","输入的 %s => %s 比率数据不正确"
"Invalid input:","输入不正确："
"Invalid parrent block for this block","此方框的父母方框错误"
"Invalid section value","单元值不正确"
"Invalid store value","商店值不正确"
"Invalid website value","网址值不正确"
"Inventory Stock Status","Inventory Stock Status"
"Invoice #%s comment added","发票%s增加了新备注"
"Invoice #%s created","生成发票%s"
"Invoice History","发票记录"
"Invoice Totals","发票总计"
"Invoice and shipment was successfully created.","成功建立了单据和运输"
"Invoice cancel error.","发票取消出现错误"
"Invoice capture error","发票自动生成出现错误"
"Invoice void error","将发票作废出现错误"
"Invoice was successfully canceled.","成功取消发票"
"Invoice was successfully captured","成功生成发票"
"Invoice was successfully created.","成功创建发票"
"Invoice was successfully voided","成功将发票作废"
"Is Anchor","设定为锚点"
"Issue Number","发行号码"
"Issuer: %s","发行者: %s"
"Items to merge","Items to merge"
"Items","件数"
"Kb","字节"
"Last 24 hours","最近24小时"
"Last 5 Orders","最近5个订单"
"Last 5 Search Terms","最近5个搜索关键词"
"Last 7 days","最近7天"
"Last Logged In (%s):","上次登录时间 (%s):"
"Last Logged In:","最近登录："
"Last Month","最近1个月"
"Last Name","姓氏"
"Last Name:","姓氏："
"Lastname","姓氏"
"Latest Message:","最新消息："
"Layered Navigation Indices was refreshed successfully","成功刷新分层导航索引"
"Layered Navigation Indices were refreshed successfully","成功刷新分层导航索引"
"Layered Navigation Indices","分层导航索引"
"Layered Navigation indexing queue cancelled","分层导航索引队列已取消"
"Layered Navigation indexing queued","分层导航索引进入队列"
"Layered Navigation process queued to be killed","分成导航进程进入终止队列"
"Leave empty to use tax identifier","放空则使用税率标识符"
"Level","水平"
"License URI","许可 URI"
"License","许可"
"License:","许可："
"Lifetime Sales","累计订单金额"
"Links","链接"
"List (default) / Grid","列表(缺省)/网格"
"List only","仅列表"
"Load Template","加载模板"
"Load default template","加载缺省模板"
"Load local Package","加载本地安装包"
"Loading...","加载中..."
"Local Server","本地服务器"
"Local/Remote Server","本地/远程服务器"
"Locale","语言"
"Log Out","退出"
"Log in to Admin Panel","登录管理面板 - <a href='http://www.needtool.com/' target='_blank'>利拓电商</a>"
"Log into Magento Admin Page","登录 Magento 管理页面"
"Logged in as %s","登录用户 %s <a href='http://www.needtool.com/' target='_blank'>技术支持</a>"
"Login","登录"
"MAJOR","重要"
"MINOR","次要"
"MS Excel XML","微软 Excel XML"
"Magento Admin","管理"
"Magento Commerce - Administrative Panel","利拓电商 - 管理面板"
"Magento Connect Manager","连接管理器"
"Magento Connect","Magento 连接"
"Magento Logo","Magento 标志"
"Magento is a trademark of Irubin Consulting Inc. DBA Varien. Copyright &copy; %s Irubin Consulting Inc.","&copy; 利拓电商技术支持,版权所有. Magento 是 Irubin Consulting Inc. DBA Varien 的注册商标。版权所有 &copy; %s Irubin Consulting Inc."
"Magento ver. %s","版本 %s (<a href='http://www.needtool.com/' target='_blank'>利拓电商技术支持</a>)"
"Magento&trade; is a trademark of Irubin Consulting Inc. DBA Varien.<br/>Copyright &copy; %s Irubin Consulting Inc.","中文化由利拓电商提供,版权所有. <br/>Magento&trade; 是 Irubin Consulting Inc. DBA Varien 的注册商标。<br/>版权所有 &copy; %s Irubin Consulting Inc."
"Maintainers","维护"
"Manage Currency Rates","管理货币汇率"
"Manage Customers","管理客户"
"Manage Installed Extensions","管理已安装插件"
"Manage Ratings","管理评价"
"Manage Stores","管理商店"
"Manage osCommerce Orders","管理 osCommerce 订单"
"Manage osCommerce Profiles","管理 osCommerce 概要档案"
"Mapping Configuration","Mapping Configuration"
"Matched expression","匹配表达式"
"Max","最多"
"Maximum","最多"
"Mb","Mb"
"Media (.avi, .flv, .swf)","多媒体 (.avi, .flv, .swf)"
"Merge Now","Merge Now"
"Messages Inbox","信息收件箱"
"Min","最少"
"Minimum","最少"
"Module version conflict!","模块版本冲突!"
"Month","月份"
"Most Viewed Products","最多查看商品"
"Multiple Select","多选"
"My Account","我的帐户"
"N/A","不适用"
"NOTICE","通告"
"Name on Card","持卡人姓名"
"Name on the Card: %s","持卡人姓名：%s"
"Name","名字"
"Name:","名字:"
"New Accounts","新建帐号"
"New Api Key","新 Api 密钥"
"New Customers","新客户"
"New Email Template","新的邮件模板"
"New Extension","新的插件"
"New Item Type","新记录类型"
"New Password","新的密码"
"New Profile","新建概要档案"
"New Store View","新建商店视图"
"New System Template","新建系统模板"
"New Tag","新建标签"
"New Template","新建模板"
"New User","新建用户"
"New Website","新建网站"
"New admin password","新的管理员密码"
"Next month (hold for menu)","下一月 （按住弹出菜单）"
"Next page","下一页"
"Next year (hold for menu)","下一年 （按住弹出菜单）"
"No (price without tax)","否(价格不含税)"
"No Data Found","没有数据"
"No Extensions Found","没有找到插件"
"No Templates Found","没有找到模板"
"No change","不做更改"
"No profile loaded...","没有加载概要档案..."
"No profile","没有概要档案"
"No records found for this period.","该时间段内没有找到记录。"
"No records found.","没有数据"
"No search keywords.","没有搜索关键词。"
"No search modules registered","没有注册的搜索模块"
"No","否"
"None","无"
"Note:","说明："
"Notes","备注"
"Notes:","备注："
"Number of Orders","订单数量"
"Number of Use","使用次数"
"Number of Uses","使用次数"
"Number of records:","记录条数："
"Old rate:","原来税率："
"One of options row has error","其中一行选项有错误"
"One or more of the Indexes are not up to date:","部份索引未更新:"
"Only attributes with scope ""Global"", input type ""Dropdown"" and Use To Create Configurable Product ""Yes"" are available.","仅""全站""属性、输入类型""下拉菜单""和用于创建可配置商品""是"" 可用。"
"Only mapped fields","仅映射字段"
"Optional","可选"
"Options","选项"
"Order #%s (%s)","订单号%s (%s)"
"Order #%s","订单号%s"
"Order Totals","订单总额"
"Order confirmation email not sent","没有发送订单确认邮件"
"Order confirmation email sent","订单确认邮件已发送"
"Order not longer exist","订单不再存在"
"Order not longer exist.","订单不再存在"
"Orders","订单"
"Original Magento attribute names in first row:","第一行的原有属性名称："
"PEAR Configuration was successfully saved","成功保存PEAR设置"
"PEAR Console","PEAR 控制面板"
"PEAR config","PEAR 设置"
"PHP Version","PHP 版本"
"Package %s data was successfully loaded","成功加载安装包%s的内容"
"Package Extensions","插件打包"
"Package File Name","安装包文件名"
"Package Info","安装包信息"
"Package Information","安装包信息"
"Package","安装包"
"Packages","安装包"
"Page","页次"
"Parent Product Thumbnail","上级商品缩略图"
"Passive mode","被动模式"
"Password Confirmation","密码确认"
"Password","密码"
"Password:","密码："
"Path","路径"
"Path:","路径："
"PayPal Email","PayPal 电子邮件"
"Payment Data Transfer (PDT)","支付数据传送 (PDT)"
"Payment method must be specified","必须指定支付方式"
"Pending Tags","等待中的标签"
"Pending installation...","安装等待中..."
"Per Item","每商品"
"Per Order","每订单"
"Percent","百分比"
"Performed At","执行时间"
"Period","区间"
"Permanent (301)","永久 (301)"
"Permissions","权限"
"Personal Information","个人信息"
"Phone:","电话："
"Please confirm site switching. All data that hasn't been saved will be lost.","请确认切换网站，所有未保存的数据将丢失。"
"Please enter 6 or more characters.","请输入6个或更多字符。"
"Please enter a number greater than 0 in this field.","请在该栏目输入大于0的数字。"
"Please enter a valid $ amount. For example $100.00.","请输入正确的金额，例如 $100.00"
"Please enter a valid URL. For example http://www.example.com or www.example.com","请输入正确的网址，例如 http://www.example.com 或 www.example.com"
"Please enter a valid URL. http:// is required","请输入正确的网址。必须带http://"
"Please enter a valid credit card number.","请输入正确的信用卡号码。"
"Please enter a valid date.","请输入正确的日期。"
"Please enter a valid email address. For example johndoe@domain.com.","请输入正确的电子邮件地址。例如 johndoe@domain.com"
"Please enter a valid number in this field.","请在该栏目输入正确的数字。"
"Please enter a valid phone number. For example (123) 456-7890 or 123-456-7890.","请输入正确的电话号码。例如 (123) 456-7890 或 123-456-7890"
"Please enter a valid social security number. For example 123-45-6789.","请输入正确的社会保险号。例如 123-45-6789"
"Please enter a valid value from list","请从列表中输入一个有效值"
"Please enter a valid value, ex: 10,20,30","请输入一个有效值, 例如：10, 20, 30"
"Please enter a valid zip code. For example 90602 or 90602-1234.","请输入正确的邮编。例如 90602 或 90602-1234"
"Please enter a valid zip code.","请输入正确的邮编。"
"Please enter valid password.","请输入正确的密码。"
"Please fill in 'email' field.","请填写'电子邮件'栏目。"
"Please make sure that all global admin search modules are installed and activated.","请确认所有的整站管理员搜索模块已安装并激活。"
"Please make sure that your changes were saved before running the profile.","运行概要档案前，请确认已保存编辑。"
"Please make sure your passwords match.","请确认密码一致。"
"Please select Indexes","请选择索引"
"Please select State/Province.","请选择省份。"
"Please select a custmer","请选择客户"
"Please select a store","请选择商店"
"Please select an option.","请选择选项。"
"Please select catalog searches","请选择目录搜索"
"Please select customer(s)","请选择客户"
"Please select one of the above options.","请在上面选择。"
"Please select one of the options.","请选择。"
"Please select review(s)","请选择评论"
"Please select tag(s)","请选择标签"
"Please specify admin custom URL","请输入管理员自定URL"
"Please specify at least start or end date.","请输入至少开始或介绍日期。"
"Please use in this field only ""a-z,0-9,_"".","该栏目只能输入""a-z,0-9,_""。"
"Please use letters only (a-z) in this field.","该栏目只能输入字母(a-z)。"
"Please use numbers only in this field. please avoid spaces or other characters such as dots or commas.","该栏目只能输入数字，不能输入空格或点、逗号等字符。"
"Please use only letters (a-z) or numbers (0-9) only in this field. No spaces or other characters are allowed.","该栏目只能输入字母(a-z)或数字(0-9)，不能输入空格或其它字符。"
"Please use only letters (a-z) or numbers (0-9) or spaces and # only in this field.","该栏目只能输入字母(a-z)、数字(0-9)、空格、或#。"
"Please use this date format: dd/mm/yyyy. For example 17/03/2006 for the 17th of March, 2006.","请用该日期格式：dd/mm/yyyy 例如 17/03/2006 表示 2006年3月17日"
"Please wait, loading...","请等待，加载中..."
"Please wait...","请等待..."
"Please, add a few answers to this poll first","请先给该投票增加选项"
"Please, select a store view","请选择商店视图"
"Please, select visible in stores to this poll first","请先给该投票设置在商店的可见性"
"Poll Manager","投票管理"
"Poll was successfully deleted","成功删除投票"
"Poll was successfully saved","成功保存投票"
"Position of Watermark for %s","%s的水印位置"
"Preferred state","首选省份"
"Preparing to change $pkg, please wait...","准备编辑$pkg，请稍候..."
"Prev. month (hold for menu)","上一月 （按住弹出菜单）"
"Prev. year (hold for menu)","上一年 （按住弹出菜单）"
"Preview Template","预览模板"
"Preview","预览"
"Previous page","前一页"
"Price alert subscription was saved successfully","成功保存价格提醒订阅"
"Price","价格"
"Price:","价格："
"Primary Billing Address","首选账单地址"
"Process Information","进程信息"
"Processed <strong>%s%% %s/%d</strong> items","Processed <strong>%s%% %s/%d</strong> items"
"Processed <strong>%s%% %s/%d</strong> records","处理<strong>%s%% %s/%d</strong>个记录"
"Product Flat Data","产品平面数据"
"Product Prices","产品价目"
"Product Thumbnail Itself","商品缩略图"
"Product","商品"
"Product:","商品："
"Products","商品"
"Profile Action","概要档案操作"
"Profile Actions XML","概要档案操作 XML"
"Profile Direction","概要档案方向"
"Profile History","概要档案记录"
"Profile Information","概要档案信息"
"Profile Name","概要档案名称"
"Profile Wizard","概要档案向导"
"Profile was deleted","概要档案已删除"
"Profile was successfully saved","成功保存概要档案"
"Profiles","概要档案"
"Promo","促销"
"Promotions","促销"
"Provided Files","提供的文件"
"Qty","数量"
"Quantity","数量"
"Queue Refresh","队列刷新"
"Queued... Cancel","已排队... 取消"
"Radio Buttons","单选按钮"
"Rates","汇率"
"Rating was successfully deleted","成功删除评级"
"Rating was successfully saved","成功保存评级"
"Read details","阅读详情"
"Rebuild Flat Catalog Category","重建平面目录分类"
"Rebuild Flat Catalog Product","重建平面目录产品"
"Rebuild","重建"
"Recent Orders","最近订单"
"Recommended","推荐"
"Recursive Dir","递归目录"
"Redirect","转向"
"Refresh Now*","现在刷新*"
"Refresh","刷新"
"Region/State","省份/地区"
"Reindex Data","重建索引"
"Release Info","版本信息"
"Release Stability","版本稳定性"
"Release Version","版本"
"Release","版本"
"Remote Extension Info","远程插件信息"
"Remote FTP","远程FTP"
"Remote URL:","远程网址："
"Remove","删除"
"Reorder...","再定购..."
"Reports","报表"
"Request Path","请求路径"
"Required","必须"
"Reset Filter","重置条件"
"Reset","重置"
"Resize","调整大小"
"Resource Access","资源访问"
"Resources","资源"
"Results","结果"
"Retrieve Password","取回密码"
"Return Html Version","返回Html版本"
"Revenue","营业额"
"Role ID","角色编号"
"Role Info","角色信息"
"Role Information","角色信息"
"Role Name","角色名称"
"Role Resources","角色资源"
"Role Users","角色用户"
"Role successfully deleted.","成功删除角色。"
"Role successfully saved.","成功保存角色。"
"Role","角色"
"Roles Resources","角色资源"
"Roles","角色"
"Rotate CCW","替换 CCW"
"Rotate CW","替换 CW"
"Run Profile In Popup","在弹出窗口中运行概要档案"
"Run Profile Inside This Window","在本窗口中运行概要档案"
"Run Profile","运行概要档案"
"Run in popup","在弹出窗口运行"
"Run","运行"
"Running... Kill","运行中... 终止"
"Running:","正在运行："
"SKU","SKU"
"SKU:","SKU:"
"SSL Error: Invalid or self-signed certificate","SSL 错误：证书无效或自签名"
"Sales Report","销售报表"
"Samples","样本"
"Save & Generate","保存并生成"
"Save Account","保存帐号"
"Save And Continue Edit","保存并继续编辑"
"Save As...","另存为..."
"Save Config","保存设置"
"Save Currency Rates","保存货币汇率"
"Save PEAR Config","保存 PEAR 设置"
"Save Process","保存进程"
"Save Profile","保存概要档案"
"Save Role","保存角色"
"Save Template","保存模板"
"Save User","保存用户"
"Save and Continue Edit","保存并继续编辑"
"Save and Continue Editing","保存并继续编辑"
"Save cache settings","保存缓存设置"
"Save data and Create Package","保存数据并创建安装包"
"Save package with custom package file name","使用自定义包文件明保存安装包"
"Save","保存"
"Schedule Merge","Schedule Merge"
"Search Index rebuild error. Please try again later","Search Index rebuild error. Please try again later"
"Search Index was rebuilt successfully","Search Index was rebuilt successfully"
"Search Index","搜索索引"
"Search Term","搜索关键词"
"Search Terms","搜索关键词"
"Search","搜索"
"Select All","全选"
"Select Category","选择分类"
"Select Date","选择日期"
"Select Range","选择区间"
"Select Visible","选择可见"
"Select date","选择日期"
"Select website from map","Select website from map"
"Select website to map","Select website to map"
"Select","选择"
"Selected allow currency ""%s"" is not available in installed currencies","选中的允许货币 ""%s"" 不在已安装货币列表中"
"Selected base currency is not available in installed currencies","选中的基准货币不在已安装货币列表中"
"Selected default display currency is not available in allowed currencies","选中的默认显示货币不在允许货币列表中"
"Selected default display currency is not available in installed currencies","选中的默认显示货币不在已安装货币列表中"
"Send Email","发电邮"
"Sender","发件人"
"Separate email","单个电子邮件"
"Shipment #%s comment added","配送单%s增加了备注"
"Shipment #%s created","配送单%s已建立"
"Shipment Comments","配送备注"
"Shipment History","配送记录"
"Shipment was successfully created.","成功建立了运输。"
"Shipment was successfully sent.","成功发送了运输。"
"Shipping Address","配送地址"
"Shipping Price","配送价格"
"Shipping address selection is not applicable","运输地址不能被应用"
"Shipping address","配送地址"
"Shipping method must be specified","请指定配送方式"
"Shipping method selection is not applicable","配送方式不能被应用"
"Shipping origin","发货地"
"Shipping","运费"
"Shopping Cart from %s","%s的购物车"
"Show Report for","显示报告"
"Show by","显示"
"Show reviews","查看评论"
"Sitemap Information","网站地图信息"
"Size for %s","%s的大小"
"Skip category selection","跳过分类选择"
"Some items in this order have different invoice and shipment types. You can create shipment only after the invoice is created.","此订单里的某些商品有不同的发票和运输类型。运输只可以在建立发票之后建立。"
"Some of the ordered items don't exist in the catalog anymore and will be removed if you try to edit the order.","某些订购的商品已不在商品目录中，如果编辑订单，将被删除。"
"Some problem with reindexing process.","索引重建过程中出现问题"
"Some problem with saving process.","保存过程中出现问题"
"Sorry, this feature is coming soon...","对不起，该功能尚未实现..."
"Sort Order","排序"
"Specific Countries","选择国家"
"Spreadsheet Name:","电子表名："
"Stability","稳定性"
"Staging Store: ","Staging Store: "
"Staging Website: ","Staging Website: "
"Start Date","开始日期"
"Starting profile execution, please wait...","开始执行概要档案，请稍候..."
"State/Province:","省份："
"Status","状态"
"Status:","状态："
"Stock Quantity:","库存数量："
"Stock notification was saved successfully","成功保存库存提醒"
"Stock status","库存状态"
"Store Email Addresses Section","商店邮箱"
"Store View","商店视图"
"Store","商店"
"Store: ","Store: "
"Store:","商店："
"Subject","主题"
"Submit","提交"
"Subpackage can't be conflicting","分包不能冲突"
"Subpackage","分包"
"Subpackages","分包"
"Subtotal Amount","小计"
"Subtotal","小计"
"Summary","摘要"
"Summary:","摘要："
"Switch/Solo Only","仅限Switch/Solo"
"Switch/Solo card issue number: %s","Switch/Solo 卡号：%s"
"Switch/Solo card start Date: %s/%s","Switch/Solo 卡开始日期：%s/%s"
"Switch/Solo/Maestro(UK Domestic) Only","仅限 Switch/Solo/Maestro(英国国内)"
"Switch/Solo/Maestro(UK Domestic) card issue number: %s","Switch/Solo/Maestro(英国国内) 卡号：%s"
"Switch/Solo/Maestro(UK Domestic) card start Date: %s/%s","Switch/Solo/Maestro(英国国内) 开始日期：%s/%s"
"System Section","系统单元"
"System","系统"
"Tag was successfully deleted","成功删除标签"
"Tag was successfully saved","成功保存标签"
"Tags","标签"
"Target Path","目标路径"
"Tax","税额"
"Tb","Tb"
"Template Content","模板内容"
"Template Information","模板信息"
"Template Name","模板名称"
"Template Subject","模板主题"
"Template Type","模板类型"
"Template","模板"
"Temporary (302)","暂时 (302)"
"Text","纯文本"
"The archive can be uncompressed with <a href=""%s"">%s</a> on Windows systems","该文件在 Windows 系统下可以使用 <a href=""%s"">%s</a> 解压"
"The configuration has been saved.","配置已保存."
"The information in this tab has been changed.","此标签内容已改变。"
"This account is inactive.","This account is inactive."
"This account is","帐号为"
"This attribute set don't have attributes which we can use for configurable product","该属性集没有可用于配置商品的属性"
"This attribute shares the same value in all the stores","该属性在所有商店中共享相同的值"
"This is a required field.","这是必填栏目。"
"This product is currently disabled","该商品目前处于禁用状态"
"This section is not allowed.","此部分已被禁止（配置）。"
"This tab contains invalid data. Please solve the problem before saving.","该栏目有不正确的数据，请检查后再保存。"
"This user no longer exists","该用户不存在"
"Thumbnail","缩略图"
"Time selection:","时间选择："
"Time","Time"
"Time:","时间："
"To","到"
"Toggle Editor","切换编辑器"
"Tools","工具"
"Top 5 Search Terms","最热门5个搜索关键词"
"Total %d records found","共有%d个记录"
"Total Amount","总金额"
"Total Invoiced","发票总额"
"Total Order Amount","订单总额"
"Total Refunded","所有退款"
"Total of %d index(es) have successfully reindexed data","%s 项索引重建成功"
"Total of %d index(es) have successfully reindexed data","成功更新 %d 项索引"
"Total of %d index(es) were successfully changed index mode","%s 项索引方式编辑成功"
"Total of %d record(s) were successfully deleted","成功删除%d个记录"
"Total of %d record(s) were successfully updated","成功更新%d个记录"
"Total","共"
"Track order","跟踪订单"
"Track this shipment","查询此配送信息"
"Tracking number %s for %s assigned","运单号%s已生成，属于%s"
"Tracking number can not be empty.","运单号码不能为空。"
"Transactional Emails","交易邮件"
"Type","类型"
"Type:","类型："
"URL Rewrite Management","URL重写管理"
"Unable to find a poll to delete","无法找到要删除的投票"
"Unable to find a tag to delete","无法找到要删除的标签"
"Unable to find a user to delete","无法扎到要删除的用户"
"Unable to initialize import model","无法初始化导入模块"
"Unable to save Cron expression","无法保存计划任务(Cron)表达式"
"Uninstall","卸载"
"Uninstalling $pkg, please wait...","卸载$pkg，请稍候..."
"Uninstalling selected packages, please wait...","正在卸载安装包，请稍候..."
"Unknown error","未知错误"
"Unknown","未知"
"Unselect All","取消全选"
"Unselect Visible","取消选择可见"
"Update","更新"
"Updated At","更新于"
"Upgrade All Available Packages","升级所有可用的安装包"
"Upgrade all available packages","升级所有可用的安装包"
"Upgrade all packages","升级所有安装包"
"Upgrade","升级"
"Upgrading $pkg, please wait...","正在升级$pkg，请稍候..."
"Upgrading all available packages, please wait...","正在升级所有可用的安装包，请稍候..."
"Upgrading all packages, please wait...","正在升级所有安装包，请稍候..."
"Upgrading selected packages, please wait...","正在升级选定的安装包，请稍候..."
"Upload File","上传文件"
"Upload Files","上传文件"
"Upload HTTP Error","上传 HTTP 错误"
"Upload I/O Error","上传 I/O 错误"
"Upload Local File","上传本地文件"
"Upload Security Error","上传安全错误"
"Upload and Install","上传并安装"
"Upload import file","上传导入文件"
"Upload local file:","上传本地文件："
"Url Rewrite Management","网址重写管理"
"Urlrewrite Information","网址重写信息"
"Use Config Settings","Use Config Settings"
"Use Default Value","使用缺省值"
"Use default","使用缺省值"
"Use website","使用网站值"
"User Email","用户邮件"
"User ID","用户编号"
"User Info","用户信息"
"User Information","用户信息"
"User Name","用户名"
"User Name:","用户名："
"User Role","用户角色"
"User Roles Information","用户角色信息"
"User Roles","用户角色"
"User name","用户名"
"User was successfully deleted","成功删除用户"
"User was successfully saved","成功保存用户"
"User with the same User Name or Email aleady exists","已有相同的用户名或电子邮件"
"User","用户"
"Users","用户"
"Value Delimiter:","值分隔符："
"Value","值"
"Version","版本"
"Version:","版本："
"View Actions XML","查看操作 XML"
"View Statistics for","查看统计"
"View","每页"
"Visibility:","可见性："
"Warning! Empty value can cause problems with CSV format.","警告！空值可能引起 CSV 格式问题。"
"Warning!rnThis action will remove this user from already assigned rolernAre you sure?","Warning!rnThis action will remove this user from already assigned rolernAre you sure?"
"Warning!rnThis action will remove those users from already assigned rolesrnAre you sure?","Warning!rnThis action will remove those users from already assigned rolesrnAre you sure?"
"Warning: Please don't close window during importing/exporting data","警告：导入/导出数据时，请不要关闭窗口"
"Watermark File for %s","%s的水印文件"
"We're in our typing table, coding away more features for Magento. Thank you for your patience.","我们正完善 Magento 的功能，请耐心等候。"
"Web Section","Web 单元"
"Web Services","Web 服务"
"Web services","Web 服务"
"Website","网站"
"Website: ","网站: "
"Websites / Stores","网站 / 商店"
"Websites","Websites"
"What is this?","这是什么？"
"Wishlist Report","收藏报表"
"Wrong column format","栏目格式错误"
"Wrong tab configuration","Tab设置错误"
"XML","XML"
"YTD","今年"
"Year","Year"
"Yes (only price with tax)","是 (仅价格含税)"
"Yes","是"
"You can not delete self assigned roles.","不能删除字节的角色。"
"You cannot delete account of yourself","不能删除字节的帐号"
"You have not enought permissions to login.","没有权限登录。"
"You have not enought permissions to use this functionality.","没有权限使用该功能。"
"You have","您有"
"You need specify carrier.","您需要指定配送公司"
"You need to specify order items","您需要指定订购商品"
"You successfully logged out.","您已成功登出。"
"Your answers contain duplicates.","您的回复重复了。"
"Your server PHP settings allow you to upload files not more than %s at a time. Please modify post_max_size (currently is %s) and upload_max_filesize (currently is %s) values in php.ini if you want to upload larger files.","您的服务器上 PHP 设置单次文件上传不能超过 %s，如果您想要上传更大的文件，请编辑 php.ini 中 post_max_size （目前设置：%s）以及 upload_max_filesize （目前设置：%s）"
"Zip/Postal Code","邮编"
"Zip/Postal Code:","邮编："
"[ deleted ]","[ 删除 ]"
"[deleted]","[删除]"
"[GLOBAL]","[全局]"
"[STORE VIEW]","[商店视图]"
"[WEBSITE]","[网站]"
"b","b"
"close","关闭"
"critical","关键"
"example: ""sitemap/"" or ""/"" for base path (path must be writeable)","例：基准路径 ""sitemap/"" 或 ""/""（路径必须可写）"
"example: sitemap.xml","例：sitemap.xml"
"from","从"
"images/logo.gif","images/logo_cn.gif"
"items selected","条记录已选择"
"major","重要"
"md5sum","md5sum"
"minor","次要"
"notice","公告"
"of %s pages","共%s页"
"or","or"
"per page","个记录"
"store(%s) scope","商店(%s)范围"
"to","到"
"website(%s) scope","网站(%s)范围"
"{{base_url}} is not recommended to use in a production environment to declare the Base Unsecure Url / Base Secure Url. It is highly recommended to change this value in your Magento <a href=""%s"">configuration</a>.","{{base_url}}不建议在正式运行环境下公布基准不安全网址和基准安全网址。强烈建议您在 <a href=""%s"">配置</a>中编辑此值。"
"Meta Keywords","Meta 关键字"
"Display Mode","显示方式"
